"file","width","height"
"aerosol_flamethrower_fire.png","512","256"
"air_compressor_station.png","256","256"
"alley_dumpster_prop.png","256","256"
"audio_spectrum_hud.png","512","128"
"barrel_fire_warmup.png","256","256"
"billboard_mega_mural.png","512","256"
"black_market_van.png","512","512"
"blackbook_sticker_album.png","512","512"
"block_party_crowd.png","512","256"
"blockbuster.png","512","256"
"boombox_prop.png","256","256"
"breakdancer_performer.png","512","512"
"bubble.png","512","256"
"bubble_shield_barrier.png","256","256"
"bullet_splatters.png","256","256"
"camo_stealth_cloak.png","256","256"
"cctv_security_camera.png","256","256"
"chameleon_rainbow_can.png","256","256"
"chrome.png","512","256"
"city_hall_monument.png","512","512"
"civilian_crowd.png","512","256"
"cluster_paint_bomb.png","256","256"
"crew_classes_badges.png","512","512"
"district_crests.png","512","512"
"dj_turntable_booth.png","512","256"
"drone_scout.png","256","256"
"electrified_puddle.png","256","256"
"flow_rhythm_gauge.png","512","128"
"food_truck_station.png","512","256"
"glider_wingsuit.png","512","256"
"golden_mastery_can.png","256","256"
"grappling_hook_launcher.png","256","256"
"heavy_enforcer.png","1024","1024"
"heist_cargo_crate.png","256","256"
"hydrant_geyser.png","256","256"
"jetpack_thruster.png","256","256"
"k9_handler_officer.png","256","256"
"lowrider_hydraulic_car.png","512","512"
"manhole_sewer_passage.png","256","256"
"metro_rail_tracks.png","512","256"
"micro_drone_swarm.png","256","256"
"motorcycle.png","256","256"
"neon_underglow_fx.png","256","256"
"news_chopper.png","512","512"
"nozzle_caps_sheet.png","512","256"
"nozzle_tuning_bench.png","256","256"
"paint_crater.png","256","256"
"paint_mine_trap.png","256","256"
"paint_turret_prop.png","256","256"
"park_fountain_takeover.png","512","512"
"police_k9_unit.png","256","256"
"police_radio_jammer.png","256","256"
"police_roadblock.png","512","128"
"police_spike_strip.png","256","128"
"riot_shield_officer.png","512","512"
"rival_boss_captain.png","512","512"
"rival_command_trailer.png","512","256"
"rival_turf_banner.png","256","512"
"roller_derby_pursuit.png","512","512"
"roller_queen.png","1024","1024"
"rooftop_lounge_props.png","512","256"
"skate_park_bowl.png","512","512"
"skate_trail.png","512","256"
"skateboards_sheet.png","512","256"
"slowmo_adrenaline_fx.png","512","512"
"smoke_grenade_prop.png","256","256"
"smoke_particle_cloud.png","256","256"
"soundquake_bass_blast.png","512","512"
"spotlight_watchtower.png","512","512"
"stencil.png","512","256"
"stencil_stamps_sheet.png","512","256"
"stencil_workshop_ui.png","512","512"
"storefront_glass.png","512","256"
"streetlight_cone.png","512","512"
"subway_entrance.png","512","256"
"subway_entrance_metro.png","512","256"
"subway_grate_updraft.png","256","256"
"subway_train_car.png","512","256"
"surveillance_blimp_airship.png","512","512"
"swat_truck.png","512","256"
"swat_van_breaching.png","512","512"
"thermal_foil_stealth.png","256","256"
"throwup.png","512","256"
"thunderstorm_lightning.png","512","512"
"turf_flare_marker.png","256","256"
"vending_machine_kiosk.png","256","256"
"water_tower_mural.png","512","512"
"wildstyle.png","512","256"
"zipline_grind_cable.png","512","128"
